{
    "horas": [
        { "hora": "08:00", "modo": "libre" },
        { "hora": "08:30", "modo": "libre" },
        { "hora": "09:00", "modo": "libre" },
        { "hora": "09:30", "modo": "libre" },
        { "hora": "10:00", "modo": "libre" },
        { "hora": "10:30", "modo": "libre" },
        { "hora": "11:00", "modo": "libre" },
        { "hora": "11:30", "modo": "libre" },
        { "hora": "12:00", "modo": "libre" },
        { "hora": "12:30", "modo": "libre" },
        { "hora": "13:00", "modo": "libre" },
        { "hora": "13:30", "modo": "libre" },
        { "hora": "14:00", "modo": "libre" },
        { "hora": "14:30", "modo": "libre" },
        { "hora": "15:00", "modo": "libre" },
        { "hora": "15:30", "modo": "libre" },
        { "hora": "16:00", "modo": "libre" },
        { "hora": "16:30", "modo": "libre" },
        { "hora": "17:00", "modo": "libre" },
        { "hora": "17:30", "modo": "libre" },
        { "hora": "18:00", "modo": "libre" },
        { "hora": "18:30", "modo": "libre" },
        { "hora": "19:00", "modo": "libre" },
        { "hora": "19:30", "modo": "libre" },
        { "hora": "20:00", "modo": "libre" }
    ],    
    "meses": [
        { "mes": "enero", "id": 0},
        { "mes": "febrero", "id": 1},
        { "mes": "marzo", "id": 2},
        { "mes": "abril", "id": 3},
        { "mes": "mayo", "id": 4},
        { "mes": "junio", "id": 5},
        { "mes": "julio", "id": 6},
        { "mes": "agosto", "id": 7},
        { "mes": "septiembre", "id": 8},
        { "mes": "octubre", "id": 9},
        { "mes": "noviembre", "id": 10},
        { "mes": "diciembre", "id": 11}
    ],
    "anos": [
        { "ano": 2021 },
        { "ano": 2022 },
        { "ano": 2023 },
        { "ano": 2024 },
        { "ano": 2025 },
        { "ano": 2026 },
        { "ano": 2027 },
        { "ano": 2028 },
        { "ano": 2029 },
        { "ano": 2030 },
        { "ano": 2031 },
        { "ano": 2032 },
        { "ano": 2033 },
        { "ano": 2034 },
        { "ano": 2035 },
        { "ano": 2036 }
    ]
}